{
    "Lotus Pavilion, ITC Gardenia - Restaurants In Bengaluru": {
        "rating": "4.5",
        "reviews": "(2,993)"
    },
    "Shiro": {
        "rating": "4.4",
        "reviews": "(4,978)"
    },
    "Spice Terrace": {
        "rating": "4.3",
        "reviews": "(2,056)"
    },
    "Time Traveller (Urban Herbivore)": {
        "rating": "4.3",
        "reviews": "(2,909)"
    },
    "Le Cirque Signature": {
        "rating": "4.5",
        "reviews": "(718)"
    },
    "The Only Place": {
        "rating": "4.2",
        "reviews": "(8,063)"
    },
    "The Raj Pavillion": {
        "rating": "4.5",
        "reviews": "(399)"
    },
    "Mangalore Pearl": {
        "rating": "4.4",
        "reviews": "(4,889)"
    },
    "Karavalli": {
        "rating": "4.5",
        "reviews": "(3,879)"
    },
    "Blue Terrain": {
        "rating": "4.5",
        "reviews": "(626)"
    }
}